'drew','drew@gmail.com','7788554530',23213 12 street'
'john','john@gmail.com','7788555540',233434 33 street'
'bob','bob@gmail.com','7723423440',24 33 street'
'michael','michael@gmail.com','6045555555',434 33 street'
'peter','peter@gmail.com','324234324',4 33 avenue'
'don','don@gmail.com','324234324',4 33 avenue'
'diane','diane@gmail.com','604433324', 2540 33 avenue'
'betty','betty@gmail.com','324234324',4 33 avenue'
'tootsy','tootsy@gmail.com','604433324', 2540 33 avenue'
